Workbook

Sheet Tổng kết
A1: BÁO CÁO THU CHI PHẾ LIỆU
A2: NĂM 2026
A3: Xuất lúc 09:21 ngày 05/10/2026 - Người xuất: tester
A5: I. TỔNG HỢP THU CHI
A6: Tổng chi (nhập phế liệu) | D6: =SUMIFS('Chi tiết'!$H$5:$H$8,'Chi tiết'!$D$5:$D$8,"Nhập") -> 1453129 | E6: đ
A7: Tổng thu (bán ra) | D7: =SUMIFS('Chi tiết'!$H$5:$H$8,'Chi tiết'!$D$5:$D$8,"Bán") -> 525000 | E7: đ
A8: Chênh lệch (thu − chi) | D8: =D7-D6 -> -928129 | E8: đ
A9: Khối lượng nhập | D9: =SUMIFS('Chi tiết'!$G$5:$G$8,'Chi tiết'!$D$5:$D$8,"Nhập") -> 1136.5 | E9: kg
A10: Khối lượng bán | D10: =SUMIFS('Chi tiết'!$G$5:$G$8,'Chi tiết'!$D$5:$D$8,"Bán") -> 5 | E10: kg
A11: Số phiếu | D11: =COUNT('Chi tiết'!$A$5:$A$8) -> 4 | E11: phiếu
A13: II. TỔNG HỢP THEO VẬT LIỆU
A14: STT | B14: Vật liệu | C14: KL nhập (kg) | D14: Tiền chi (đ) | E14: KL bán (kg) | F14: Tiền thu (đ) | G14: Chênh lệch (đ)
A15: 1 | B15: đồng | C15: =SUMIFS('Chi tiết'!$G$5:$G$8,'Chi tiết'!$E$5:$E$8,$B15,'Chi tiết'!$D$5:$D$8,"Nhập") -> 13.5 | D15: =SUMIFS('Chi tiết'!$H$5:$H$8,'Chi tiết'!$E$5:$E$8,$B15,'Chi tiết'!$D$5:$D$8,"Nhập") -> 1315000 | E15: =SUMIFS('Chi tiết'!$G$5:$G$8,'Chi tiết'!$E$5:$E$8,$B15,'Chi tiết'!$D$5:$D$8,"Bán") -> 5 | F15: =SUMIFS('Chi tiết'!$H$5:$H$8,'Chi tiết'!$E$5:$E$8,$B15,'Chi tiết'!$D$5:$D$8,"Bán") -> 525000 | G15: =F15-D15 -> -790000
A16: 2 | B16: sắt | C16: =SUMIFS('Chi tiết'!$G$5:$G$8,'Chi tiết'!$E$5:$E$8,$B16,'Chi tiết'!$D$5:$D$8,"Nhập") -> 1123 | D16: =SUMIFS('Chi tiết'!$H$5:$H$8,'Chi tiết'!$E$5:$E$8,$B16,'Chi tiết'!$D$5:$D$8,"Nhập") -> 138129 | E16: =SUMIFS('Chi tiết'!$G$5:$G$8,'Chi tiết'!$E$5:$E$8,$B16,'Chi tiết'!$D$5:$D$8,"Bán") -> 0 | F16: =SUMIFS('Chi tiết'!$H$5:$H$8,'Chi tiết'!$E$5:$E$8,$B16,'Chi tiết'!$D$5:$D$8,"Bán") -> 0 | G16: =F16-D16 -> -138129
A17: TỔNG CỘNG | C17: =SUM(C15:C16) | D17: =SUM(D15:D16) | E17: =SUM(E15:E16) | F17: =SUM(F15:F16) | G17: =SUM(G15:G16)
A19: III. THỐNG KÊ THEO THÁNG
A20: STT | B20: Tháng | C20: KL nhập (kg) | D20: Tiền chi (đ) | E20: KL bán (kg) | F20: Tiền thu (đ) | G20: Chênh lệch (đ)
A21: 1 | B21: 09/2026 | C21: 1 | D21: 90000 | E21: 0 | F21: 0 | G21: =F21-D21 -> -90000
A22: 2 | B22: 10/2026 | C22: 1135.5 | D22: 1363129 | E22: 5 | F22: 525000 | G22: =F22-D22 -> -838129
A23: TỔNG CỘNG | C23: =SUM(C21:C22) | D23: =SUM(D21:D22) | E23: =SUM(E21:E22) | F23: =SUM(F21:F22) | G23: =SUM(G21:G22)
E25: Ngày 05 tháng 10 năm 2026
A26: NGƯỜI LẬP BIỂU | E26: CHỦ CƠ SỞ
A27: (Ký, ghi rõ họ tên) | E27: (Ký, ghi rõ họ tên)

Sheet Chi tiết
A1: BẢNG KÊ CHI TIẾT NHẬP / BÁN PHẾ LIỆU
A2: NĂM 2026
A3: Xuất lúc 09:21 ngày 05/10/2026 - Người xuất: tester
A4: STT | B4: Ngày | C4: Giờ | D4: Loại | E4: Vật liệu | F4: Đơn giá (đ/kg) | G4: Khối lượng (kg) | H4: Thành tiền (đ) | I4: Ghi chú
A5: 1 | B5: 46295 | C5: 0.33333333 | D5: Nhập | E5: đồng | F5: 90000 | G5: 1 | H5: =F5*G5 -> 90000 | I5: tháng trước
A6: 2 | B6: 46300 | C6: 0.39583333 | D6: Nhập | E6: đồng | F6: 98000 | G6: 12.5 | H6: =F6*G6 -> 1225000 | I6: lô 1
A7: 3 | B7: 46300 | C7: 0.58680556 | D7: Nhập | E7: sắt | F7: 123 | G7: 1123 | H7: =F7*G7 -> 138129
A8: 4 | B8: 46301 | C8: 0.33333333 | D8: Bán | E8: đồng | F8: 105000 | G8: 5 | H8: =F8*G8 -> 525000 | I8: bán
A10: TỔNG NHẬP PHẾ LIỆU (CHI) | H10: =SUMIFS($H$5:$H$8,$D$5:$D$8,"Nhập") -> 1453129
A11: TỔNG BÁN RA (THU) | H11: =SUMIFS($H$5:$H$8,$D$5:$D$8,"Bán") -> 525000
A12: CHÊNH LỆCH (THU − CHI) | H12: =H11-H10 -> -928129

Sheet Lịch sử giá
A1: LỊCH SỬ ĐIỀU CHỈNH ĐƠN GIÁ VẬT LIỆU
A2: NĂM 2026
A3: Xuất lúc 09:21 ngày 05/10/2026 - Người xuất: tester
A4: STT | B4: Thời điểm điều chỉnh | C4: Vật liệu | D4: Giá cũ (đ/kg) | E4: Giá mới (đ/kg) | F4: Chênh lệch (đ)
A5: 1 | B5: 46296.333 | C5: đồng | D5: Giá ban đầu | E5: 95000
A6: 2 | B6: 46300.333 | C6: đồng | D6: 95000 | E6: 98000 | F6: =E6-D6 -> 3000
